IATA,ICAO
BIM,OABN
BST,OABT
BPM,OAIX
CCN,OACC
FBD,OAFZ
FAH,OAFR
GRG,OAGZ
HEA,OAHR
JAA,OAJL
KBL,OAKB
KDH,OAKN
KHT,OAKS
KWH,OAHN
UND,OAUZ
MMZ,OAMN
MZR,OAMS
SGA,OASN
ZAJ,OAZJ
TIA,LATI
AZR,DAUA
ALG,DAAG
AAE,DABB
BJA,DAAE
BMW,DATM
BUJ,DAAD
CZL,DABC
DJG,DAAJ
ELG,DAUE
ELU,DAUO
GHA,DAUG
HME,DAUH
INF,DATG
INZ,DAUI
GJL,DAAV
ORN,DAOO
OGX,DAUU
TMR,DAAT
TEE,DABS
TID,DAOB
TMX,DAUT
TLM,DAON
TGR,DAUK
IAM,DAUZ
AZZ,FNAM
BUG,FNBG
CAB,FNCA
NOV,FNHU
SVP,FNKU
LAD,FNLU
SDD,FNUB
LUO,FNUE
SSY,FNBC
MEG,FNMA
SPP,FNME
NGV,FNGI
ARZ,FNZE
GXG,FNNG
PBN,FNPA
VHC,FNSA
SZA,FNSO
UGO,FNUG
CEO,FNWK
XGN,FNXA
AXA,TQPF
BBQ,TAPH
ANU,TAPA
ARR,SAVR
BHI,SAZB
BRC,SAZS
AEP,SABE
CTC,SANC
CRD,SAVC
COR,SACO
EQS,SAVE
EZE,SAEZ
FMA,SARF
GPO,SAZG
IRJ,SANL
LGS,SAMM
MDQ,SAZM
MDZ,SAME
PRA,SAAP
PSS,SARP
IGR,SARI
PMY,SAVY
RCQ,SATR
RES,SARE
RCU,SAOC
RGL,SAWG
RGA,SAWE
ROS,SAAR
SLA,SASA
FDO,SADF
UAQ,SANU
LUQ,SAOU
AFA,SAMR
RSA,SAZR
SDE,SANE
TUC,SANT
USH,SAWH
VDM,SAVV
VME,SAOR
EVN,UGEE
AUA,TNCA
ADL,YPAD
ALH,YABA
ABX,YMAY
ASP,YBAS
ABH,YAPH
ARY,YARA
ARM,YARM
AVV,YAVV
BSJ,YBNS
BNK,YBNA
BZD,YBRN
BWU,YSBK
BHS,YBTH
BRT,YBTI
BEU,YBIE
BLN,YBLA
BKQ,YBCK
BLT,YBTR
BQL,YBOU
BRK,YBKE
BWQ,YBRW
MHU,YHOT
BNE,YBBN
BHQ,YBHI
BME,YBRM
BDB,YBUD
BWT,YWYY
BQB,YBLN
CNS,YBCS
HBA,YMHB
CDU,YSCN
CBR,YSCB
CVQ,YCAR
CED,YCDU
CTL,YBCV
CCL,YCCA
XCH,YPXM
CMQ,YCMT
CVC,YCEE
CNJ,YCCY
CAZ,YCBA
CCK,YPCC
CUQ,YCOE
CFS,YSCH
CRB,YCBR
CPD,YCBP
OOL,YBCG
OOM,YCOM
COJ,YCBB
CNB,YCNM
CMD,YCTM
CWW,YCOR
CYG,YCRG
CWT,YCWR
CKI,YCKI
CUY,YCUE
DRW,YPDN
DNO,YDLQ
DRB,YDBY
DPO,YDPO
DRN,YDBI
DBO,YSDU
DYA,YDYS
ECH,YECH
ELC,YELD
EMD,YEML
EPR,YESP
MEB,YMEN
LEA,YPLM
FIZ,YFTZ
FLS,YFLI
FRB,YFBS
FOS,YFRT
GET,YGEL
GLT,YGLA
GLI,YGLI
GUL,YGLB
GFN,YGFN
GFF,YGTH
GTE,YGTE
GUH,YGDH
HCQ,YHLC
HLT,YHML
HTI,YBHM
HXX,YHAY
HVB,YHBA
HTU,YHPN
HID,YHID
HSM,YHSM
IVR,YIVL
JAD,YPJT
KGI,YPKG
KTA,YPKA
KRB,YKMB
KPS,YKMP
KRA,YKER
KNS,YKII
KGY,YKRY
KGC,YKSC
KWM,YKOW
KNX,YPKU
LST,YMLT
LGH,YLEC
LER,YLST
LNO,YLEO
LHG,YLRD
LSY,YLIS
IRG,YLHR
LRE,YLRE
LDH,YLHI
MKY,YBMK
XMC,YMCO
MNG,YMGD
MRG,YMBA
MCY,YBMC
SYD,YSSY
MKR,YMEK
GPN,YGPT
SNB,YSNB
MIM,YMER
MQL,YMIA
MBW,YMMB
MOV,YMRB
MRZ,YMOR
MYA,YMRY
LTB,YLTV
MGB,YMTG
ISA,YBMA
WME,YMNE
MMG,YMOG
DGE,YMDG
NAA,YNBR
NRA,YNAR
QRM,YNRM
NTL,YWLM
ZNE,YNWN
GOV,YPGV
NLK,YSNF
NTN,YNTN
OAG,YORG
RBS,YORB
PBO,YPBO
PKE,YPKS
PUG,YPAG
PHE,YPPD
PKT,YPKT
PLO,YPLC
PQQ,YPMQ
PPI,YPIR
PTJ,YPOD
PPP,YBPN
ULP,YQLP
PER,YPPH
RCL,YRED
RMK,YREN
RBC,YROI
ROK,YBRK
RMA,YROM
RPM,YNGU
RTS,YRTI
SGO,YSGE
SXE,YWSL
SHT,YSHT
SIO,YSMI
SHQ,YSPT
HLS,YSTH
SWC,YSWL
SRN,YSRN
SWH,YSWH
TMW,YSTW
TRO,YTRE
XTO,YTAM
TEM,YTEM
TCA,YTNK
THG,YTNG
XTG,YTGM
TYB,YTIB
TWB,YTWB
TSV,YBTL
MEL,YMML
TUM,YTMU
WGA,YSWG
WGE,YWLG
WGT,YWGT
WKB,YWKB
QRR,YWRN
WEI,YBWP
WWA,YWWL
WYA,YWHA
WUN,YWLU
WNR,YWDH
WIN,YWTN
WOL,YWOL
NGA,YYNG
AYQ,YAYE
GRZ,LOWG
LNZ,LOWL
INN,LOWI
KLU,LOWK
SZG,LOWS
VIE,LOWW
BAK,UBBB
KVD,UBBG
IATA,ICAO
MAY,MYAB
SAQ,MYAN
ASD,MYAF
ATC,MYCA
CCZ,MYBC
ZSA,MYSM
CRI,MYCI
COX,MYAK
LGI,MYLD
FPO,MYGF
GHB,MYEM
GGT,MYEF
GHC,MYBG
SML,MYLS
MHH,MYAM
IGA,MYIG
MYG,MYMM
NAS,MYNN
CAT,MYCB
NMC,MYEN
ELH,MYEH
PID,MYPI
RSD,MYER
BIM,MYBS
AXP,MYAP
TYM,MYES
TCB,MYAT
BAH,OBBI
BZL,VGBR
CGP,VGEG
CLA,VGCM
CXB,VGCB
DAC,VGHS
JSR,VGJR
RJH,VGRJ
SPD,VGSD
ZYL,VGSY
TKR,VGSG
BGI,TBPB
BQT,UMBB
GME,UMGG
GNA,UMMG
MHP,UMMM
MSQ,UMMS
VTB,UMII
ANR,EBAW
BRU,EBBR
CRL,EBCI
KJK,EBKT
LGG,EBLG
OST,EBOS
BZE,MZBZ
COO,DBBB
KDC,DBBK
NAE,DBBN
PKO,DBBP
BDA,TXKF
PBH,VQPR
APB,SLAP
BJO,SLBJ
CAM,SLCA
CIJ,SLCO
CBB,SLCB
CEP,SLCP
GYA,SLGY
LPB,SLLP
MGD,SLMG
MHW,SLAG
ORU,SLOR
PSZ,SLPS
REY,SLRY
RIB,SLRI
RBO,SLRB
RBQ,SLRQ
SRJ,SLSB
SNM,SLSM
SNG,SLSI
SJV,SLJV
SJB,SLJO
SRD,SLRA
SRZ,SLET
VVI,SLVR
SRE,SLSU
TJA,SLTJ
TDD,SLTR
VAH,SLVG
VLM,SLVM
BYC,SLYA
BNX,LQBK
OMO,LQMO
SJJ,LQSA
TZL,LQTZ
FRW,FBFT
GBE,FBSK
GNZ,FBGZ
JWA,FBJW
BBK,FBKE
KHW,FBKR
MUB,FBMN
ORP,FBOR
PKW,FBSP
SWX,FBSW
TBY,FBTS
TLD,FBTL
AJU,SBAR
BEL,SBBE
PLU,SBBH
CNF,SBCF
BVB,SBBV
BSB,SBBR
VCP,SBKP
CGR,SBCG
CMG,SBCR
CZS,SBCZ
CGB,SBCY
CWB,SBCT
FLN,SBFL
FOR,SBFZ
IGU,SBFI
GYN,SBGO
IOS,SBIL
IMP,SBIZ
JPA,SBJP
JOI,SBJV
LDB,SBLO
MCP,SBMQ
MCZ,SBMO
MAO,SBEG
MAB,SBMA
MGF,SBMG
NAT,SBNT
NVT,SBNF
PMW,SBPJ
PMG,SBPP
POA,SBPA
BPS,SBPS
PVH,SBPV
REC,SBRF
RAO,SBRP
RBR,SBRB
GIG,SBGL
SDU,SBRJ
SSA,SBSV
STM,SBSN
SJP,SBSR
SLZ,SBSL
CGH,SBSP
GRU,SBGR
THE,SBTE
UDI,SBUL
VIX,SBVT
EIS,TUPJ
VIJ,TUPW
BWN,WBSB
BOJ,LBBG
GOZ,LBGO
PDV,LBPD
SOF,LBSF
VAR,LBWN
XGA,DFOG
BNR,DFOB
BOY,DFOO
DGU,DFOD
DOR,DFEE
FNG,DFEF
XGG,DFEG
XKA,DFEL
XNU,DFON
OUA,DFFD
OUG,DFCC
TEG,DFET
BJM,HBBA
GID,HBBE
KRE,HBBO
IATA,ICAO
BBM,VDBG
PNH,VDPP
REP,VDSR
BFX,FKKU
BPC,FKKV
OUR,FKKI
BTA,FKKO
DLA,FKKD
DSC,FKKS
EBW,FKKW
FOM,FKKM
GOU,FKKR
KBI,FKKB
MMF,FKKF
MVR,FKKL
NGE,FKKN
TKC,FKKC
NSI,FKYS
YAO,FKKY
ZMH,CZML
YXX,CYXX
LAK,CYKD
AKV,CYKO
YAL,CYAL
YLT,CYLT
YTF,CYTF
YEY,CYEY
YAA,CAJ4
YAX,CKB6
YYW,CYYW
YEK,CYEK
YIB,CYIB
YAT,CYAT
YPJ,CYLA
YBG,CYBG
YBC,CYBC
YBK,CYBK
ZBF,CZBF
XBE,CNE3
YXQ,CYXQ
ZEL,CYJQ
QBC,CYBD
YBV,CYBV
YTL,CYTL
YBI,CCE4
YDV,CZTA
YVB,CYVB
YBY,CYBF
YDT,CZBB
YBR,CYBR
YBT,CYBT
XBR,CNL3
ZBM,CZBM
YBM,CAB5
YVT,CYVT
YPZ,CYPZ
YDB,CYDB
YYC,CYYC
YCB,CYCB
YBL,CYBL
YTE,CYTE
YRF,CYCA
YCG,CYCG
YAC,CYAC
YCE,CYCE
YLD,CYLD
YML,CYML
YCL,CYCL
YHG,CCH4
YYG,CYYG
XCM,CNZ3
YCS,CYCS
YCQ,CYCQ
YHR,CYHR
YMT,CYMT
YCW,CYCW
ZUM,CZUM
YYQ,CYYQ
XCL,CJS3
YCY,CYCY
YCN,CYCN
YOD,CYOD
YKC,CYKC
YCK,CEB3
YQQ,CYQQ
YZS,CYZS
YCC,CYCC
YCT,CYCT
YCA,CAH3
YYM,CYYM
YXC,CYXC
YCR,CYCR
YDN,CYDN
YDI,CCB4
YDQ,CYDQ
YDA,CYDA
YDL,CYDL
YDF,CYDF
YVZ,CYVZ
YWJ,CYWJ
YDG,CYID
YDO,CYDO
YDC,CER3
YHD,CYHD
DUQ,CAM3
YXR,CYXR
ZEM,CZEM
YEG,CYEG
YXD,CYXD
YET,CYET
YEL,CYEL
YEN,CYEN
YEU,CYEU
YCZ,CYCZ
ZFW,CEB5
ZFA,CZFA
YFO,CYFO
ZFD,CZFD
YFC,CYFC
YFA,CYFA
YPY,CYPY
YAG,CYAG
YGH,CYGH
YFH,CYFH
YJF,CYJF
YMM,CYMM
ZFM,CZFM
YYE,CYYE
ZFN,CZFN
YFR,CYFR
YER,CYER
YFS,CYFS
YSM,CYSM
YXJ,CYXJ
YQX,CYQX
YGP,CYGP
YND,CYND
YGQ,CYGQ
YGX,CYGX
YGM,CYGM
YHK,CYHK
YGO,CYGO
ZGI,CZGI
YYR,CYYR
YZE,CYZE
ZGF,CZGF
YGC,CEQ5
YQU,CYQU
YZX,CYZX
YGZ,CYGZ
YHT,CYHT
YHZ,CYHZ
YAW,CYAW
YUX,CYUX
YHM,CYHM
YDJ,CJL2
YGV,CYGV
YHY,CYHY
YHF,CYHF
YOJ,CYOJ
ZHP,CZHP
YJA,CEC4
YHI,CYHI
YHE,CYHE
YHO,CYHO
YHN,CYHN
YHB,CYHB
YNH,CYNH
YGT,CYGT
ZUC,CZUC
YGR,CYGR
ILF,CZBD
YPH,CYPH
YEV,CYEV
YFB,CYFB
YIV,CYIV
YIK,CYIK
ZJG,CZJG
YKA,CYKA
XGR,CYLU
YWB,CYKG
YKG,CYAS
YYU,CYYU
XKS,CYAQ
YDU,CJL8
ZKE,CZKE
KEW,CPV8
YLW,CYLW
KES,CZEE
YQK,CYQK
YKJ,CYKJ
YKD,CNS7
YKY,CYKY
KIF,CNM5
YGK,CYGK
YKX,CYKX
YKF,CYKF
YCO,CYCO
YVP,CYVP
YGW,CYGW
YGL,CYGL
YVC,CYVC
SSQ,CSR8
YLQ,CYLQ
XLB,CZWH
YLB,CYLB
YLE,CEM3
YLH,CYLH
YLR,CYLR
YLS,CSH4
YQL,CYQL
ZGR,CZGR
YLL,CYLL
YXU,CYXU
YYL,CYYL
XMP,CFC4
YMN,CYFT
YMG,CYMG
YEM,CYEM
YMW,CYMW
YSP,CYSP
YMH,CYMH
ZMT,CZMT
YNM,CYNM
YME,CYME
YMA,CYMA
YLJ,CYLJ
YXH,CYXH
YMB,CAD5
YCH,CYCH
YQM,CYQM
YYY,CYYY
YUL,CYUL
YMX,CYMX
YMJ,CYMJ
YMO,CYMO
YQA,CYQA
MSA,CZMD
YDP,CYDP
YQN,CYQN
YCD,CYCD
YSR,CYSR
YNA,CYNA
YNS,CYHH
YVQ,CYVQ
YQW,CYQW
YYB,CYYB
YNE,CYNE
YOG,CNT3
YOC,CYOC
YOO,CYOO
YOW,CYOW
YRO,CYRO
YOS,CYOS
YOH,CYOH
YXP,CYXP
YPD,CNK4
YPC,CYPC
YPE,CYPE
YPO,CYPO
YBB,CYBB
YTA,CYTA
YYF,CYYF
YWA,CYWA
YPQ,CYPQ
YPL,CYPL
YPM,CYPM
PIW,CZMN
WPC,CZPC
ZPO,CZPO
YNL,CYNL
YIO,CYIO
XPP,CZNG
YZT,CYZT
YPS,CYPD
YHA,CCP4
YMP,CAT5
YPN,CYPN
YPG,CYPG
YSO,CCD4
YPW,CYPW
YPA,CYPA
YXS,CYXS
YPR,CYPR
XPK,CZFG
YPX,CYPX
YVM,CYVM
YQC,CYHA
YQB,CYQB
YQZ,CYQZ
YRA,CEV4
YOP,CYOP
YRT,CYRT
YQF,CYQF
YRL,CYRL
YRS,CYRS
YQR,CYQR
YUT,CYUT
YRB,CYRB
YRV,CYRV
YRG,CCZ2
YXK,CYXK
YRI,CYRI
YRJ,CYRJ
YRM,CYRM
XRR,CYDM
ZRJ,CZRJ
YUY,CYUY
ZPB,CZPB
YSY,CYSY
YSJ,CYSJ
YZG,CYZG
YSN,CZAM
YZP,CYZP
ZSJ,CZSJ
YSK,CYSK
YZR,CYZR
YXE,CYXE
YAM,CYAM
YKL,CYKL
YHS,CAP3
YZV,CYZV
ZTM,CZTM
YSC,CYSC
YXL,CYXL
YZH,CYZH
YYD,CYYD
YSH,CYSH
XSI,CZSN
YSE,CYSE
YAY,CYAY
YCM,CYSN
YYT,CYYT
YFX,CCK4
YST,CYST
YQS,CYQS
YIF,CYIF
YHU,CYHU
YJN,CYJN
YSL,CYSL
YJT,CYJT
ZST,CZST
YSF,CYSF
YSB,CYSB
YSD,CYSD
SUR,CJV7
YSU,CYSU
ZJN,CZJN
YYN,CYYN
YQY,CYQY
XTL,CYBQ
YYH,CYYH
YTQ,CYTQ
YTX,CBM5
YTJ,CYTJ
YXT,CYXT
YZW,CYZW
YGB,CYGB
YQD,CYQD
YTD,CZLQ
YTH,CYTH
YQT,CYQT
YTS,CYTS
YTT,CJY3
YAZ,CYAZ
YTZ,CYTZ
YKZ,CYKZ
YYZ,CYYZ
YTR,CYTR
YRQ,CYRQ
YUB,CYUB
TUX,CBX7
TNS,CBX5
YUD,CYMU
YBE,CYBE
YVO,CYVO
YVR,CYVR
YVG,CYVG
YVE,CYVK
YYJ,CYYJ
YWK,CYWK
YKQ,CYKQ
YQH,CYQH
YXZ,CYXZ
YWP,CYWP
YFJ,CFJ2
YNC,CYNC
YXN,CYXN
YZU,CYZU
YXY,CYXY
YVV,CYVV
YWM,CCA6
YWL,CYWL
YQG,CYQG
YWG,CYWG
ZWL,CZWL
YWY,CYWY
WNN,CKL3
YQI,CYQI
YZF,CYZF
ZAC,CZAC
YQV,CYQV
RAI,GVFM
MMO,GVMA
SNE,GVSN
BVC,GVBA
VXE,GVSV
SID,GVAC
CYB,MWCB
GCM,MWCR
BBY,FEFM
BGU,FEFG
BGF,FEFF
BBT,FEFT
IRO,FEFI
BSN,FEFS
BOP,FEFO
BOZ,FEGZ
BIV,FEFR
NDL,FEFN
MKI,FEFB
AIG,FEFY
IMO,FEFZ
AEH,FTTC
AMC,FTTN
ATV,FTTI
BKR,FTTK
OTC,FTTL
OGR,FTTB
OUT,FTTS
FYT,FTTY
LTC,FTTH
AMO,FTTU
MVO,FTTM
MQQ,FTTD
NDJ,FTTJ
PLF,FTTP
SRH,FTTA
ZUD,SCAC
ANF,SCFA
ARI,SCAR
BBA,SCBA
CJC,SCCF
SMB,SCSB
WCH,SCTN
CNR,SCRA
CCH,SCCC
YAI,SCCH
LGR,SCHR
CCP,SCIE
CPO,SCHA
GXQ,SCCY
ESR,SCES
FFU,SCFT
IQQ,SCDA
LSC,SCSE
ZLR,SCLN
LOB,SCAN
LSQ,SCGE
ZOS,SCJO
WPR,SCFM
ZPC,SCPC
WPA,SCAS
PMC,SCTE
PNT,SCNT
WPU,SCGZ
PUQ,SCCI
QRC,SCRG
SSD,SCSF
SCL,SCEL
ULC,SCTI
TLX,SCTL
TTC,SCTT
ZCO,SCTC
TOQ,SCBE
ZAL,SCVD
VLR,SCLL
ZIC,SCTO
KNA,SCVM
AKU,ZWAK
AAT,ZWAT
AQG,ZSAQ
AOG,ZYAS
AYN,ZHAY
BSD,ZPBS
BAV,ZBOW
BHY,ZGBH
NAY,ZBBB
PEK,ZBAA
BFU,ZSBB
CGQ,ZYCC
CSX,ZGHA
CIH,ZBCZ
CZX,ZSCG
CTU,ZUUU
CIF,ZBCF
CKG,ZUCK
DLC,ZYTL
DDG,ZYDD
DAT,ZBDT
DNH,ZLDH
FUG,ZSFY
FYN,ZWFY
FOC,ZSFZ
KOW,ZSGZ
GOQ,ZLGM
CAN,ZGGG
KWL,ZGKL
KWE,ZUGY
HAK,ZJHK
HLD,ZBLA
HMI,ZWHM
HGH,ZSHC
HZG,ZLHZ
HRB,ZYHB
HFE,ZSOF
HEK,ZYHE
HNY,ZGHY
HET,ZBHH
HKG,VHHH
HTN,ZWTN
TXN,ZSTX
HYN,ZSLQ
JMU,ZYJM
JIL,ZYJL
TNA,ZSJN
JDZ,ZSJD
JHG,ZPJH
JNG,ZLJN
JNZ,ZYJZ
JIU,ZSJJ
CHW,ZLJQ
KRY,ZWKM
KHG,ZWSH
KRL,ZWKL
KMG,ZPPP
KCA,ZWKC
LHW,ZLAN
ZGC,ZLLL
LXA,ZULS
LYG,ZSLG
LJG,ZPLJ
LZH,ZGZH
LYA,ZHLY
YUM,ZPLX
MFM,VMMC
MDG,ZYMD
KHN,ZSCN
NAO,ZUNC
NKG,ZSNJ
NNG,ZGNN
NNY,ZHNY
NGB,ZSNB
TAO,ZSQD
IQN,ZLQY
SHP,ZBSH
NDG,ZYQQ
JJN,ZSQZ
SYX,ZGSY
SHA,ZSSS
PVG,ZSPD
SWA,ZGOW
SHS,ZHSS
SHE,ZYTX
SZX,ZGSZ
SJW,ZBSJ
SYM,ZPSM
SZV,ZSSZ
TYN,ZBYN
TSN,ZBTJ
TNH,ZYTN
TGO,ZBTL
HLH,ZBUL
URC,ZWWW
WEF,ZSWF
WNZ,ZSWZ
WUH,ZHHH
WUX,ZSWX
WUS,ZSWY
WUZ,ZGWZ
XIY,ZLXY
XMN,ZSAM
XFN,ZHXF
XIC,ZUXC
XNT,ZBXT
XNN,ZLXN
XUZ,ZSXZ
ENY,ZLYA
YNJ,ZYYJ
YNT,ZSYT
YBP,ZUYB
YIH,ZHYC
INC,ZLIC
YIN,ZWYN
YIW,ZSYW
UYN,ZLYL
ZHA,ZGZJ
ZAT,ZPZT
CGO,ZHCC
HSN,ZSZS
ZUH,ZGSD
ZYI,ZUZY
ACR,SKAC
AUC,SKUC
AXM,SKAR
BSC,SKBS
EJA,SKEJ
BAQ,SKBQ
BGA,SKBG
BUN,SKBU
CLO,SKCL
CTG,SKCG
CRC,SKGO
CUO,SKCR
CAQ,SKCU
CPL,SKHA
IGO,SKIG
CIM,SKCM
COG,SKCD
CZU,SKCZ
CVE,SKCV
RAV,SKCN
CUC,SKCC
EBG,SKEB
ELB,SKBC
EYP,SKYP
FLA,SKFL
GIR,SKGI
GPI,SKGP
HTZ,SKHC
IBE,SKIB
IPI,SKIP
PVA,SKPV
LPD,SKLP
LET,SKLT
MGN,SKMG
MCJ,SKAO
MQU,SKQU
EOH,SKMD
MFS,SKMF
MVP,SKMU
MMP,SKMP
MTR,SKMR
NVA,SKNV
OCV,SKOC
PAL,SKPQ
PSO,SKPS
PZA,SKPZ
PEI,SKPE
PTX,SKPI
PPN,SKPP
PUU,SKAS
PBE,SKPR
PCR,SKPC
PDA,SKPD
LQM,SKLG
UIB,SKUI
OTU,SKOT
RCH,SKRH
MDE,SKRG
SJE,SKSJ
SVI,SKSV
SMR,SKSM
BOG,SKBO
RVE,SKSA
SOX,SKSO
TME,SKTM
TIB,SKTB
TQS,SKTQ
TDA,SKTD
ULQ,SKUL
TCO,SKCO
TRB,SKTU
VUP,SKVP
VGZ,SKVG
VVC,SKVV
AJN,FMCV
NWA,FMCI
HAH,FMCH
YVA,FMCN
FDU,FZBO
BSU,FZEN
BAN,FZVR
BNC,FZNP
BNB,FZGN
BOA,FZAJ
BKY,FZMA
BMB,FZFU
BUX,FZKA
BZU,FZKJ
GDJ,FZWC
BDT,FZFD
GMA,FZFK
GOM,FZNA
IDF,FZCB
IKL,FZGV
PFR,FZVS
INO,FZBA
IRP,FZJH
KBO,FZRM
KBN,FZWT
FMI,FZRF
KLY,FZOD
KMN,FZSA
KGA,FZUA
KNM,FZTK
KAP,FZSK
KEC,FZQG
KGN,FZOK
KKW,FZCA
KND,FZOA
FIH,FZAA
NLO,FZAB
FKI,FZIC
KWZ,FZQM
KOO,FZRQ
KLI,FZFP
LIE,FZFA
LIQ,FZGA
LJA,FZVA
FBM,FZQA
LZA,FZUG
LZI,FZAL
LBO,FZVI
LUS,FZCE
MNO,FZRA
MSM,FZCV
MAT,FZAM
MDK,FZEA
MJM,FZWA
BDV,FZRB
MEW,FZVM
NIO,FZBI
PUN,FZOP
PWO,FZQC
TSH,FZUK
BTB,FCOT
BOE,FCOB
BZV,FCBB
DJM,FCBD
DIS,FCPL
EWO,FCOE
ION,FCOI
KEE,FCOK
KNJ,FCBK
LCO,FCBL
KMK,FCPA
MKJ,FCOM
MSX,FCMM
MUY,FCBM
NKY,FCBY
OUE,FCOU
FTX,FCOO
PNR,FCPP
SIB,FCBS
SOE,FCOS
ANJ,FCBZ
AIT,NCAI
MUK,NCMK
PYE,NCPY
RAR,NCRG
BCL,MRBC
BAI,MRBA
RIK,MRCR
OTR,MRCC
DRK,MRDK
GLF,MRGF
GPL,MRGP
FON,MRAN
LIR,MRLB
LIO,MRLM
LSL,MRLC
NOM,MRNS
PMZ,MRPM
PJM,MRPJ
PBP,MRIA
XQP,MRQP
SYQ,MRPV
SJO,MROC
TNO,MRTM
TMU,MRTR
TTQ,MRAO
UPL,MRUP
BWK,LDSB
DBV,LDDU
OSI,LDOS
PUY,LDPL
RJK,LDRI
SPU,LDSP
ZAD,LDZD
ZAG,LDZA
BCA,MUBA
BYM,MUBY
CMW,MUCM
CCC,MUOC
CYO,MUCL
AVI,MUCA
CFG,MUCF
GAO,MUGT
HAV,MUHA
HOG,MUHG
SZJ,MUSN
VRO,MUKW
VTU,MUVT
MZO,MUMZ
MOA,MUMO
ICR,MUNC
GER,MUNG
LCL,MULM
QPD,MUPR
QSN,MUNB
SNU,MUSC
SCU,MUCU
TND,MUTD
VRA,MUVR
LCA,LCLK
ECN,LCEN
PFO,LCPH
BRQ,LKTB
KLV,LKKV
OSR,LKMT
PED,LKPD
PRG,LKPR
UHE,LKKU
IATA,ICAO
AAL,EKYT
AAR,EKAH
BLL,EKBI
RKE,EKRK
CPH,EKCH
EBJ,EKEB
KRP,EKKA
ODE,EKOD
RNN,EKRN
SGD,EKSB
STA,EKVJ
TED,EKTS
JIB,HFFF
DOM,TDPD
DCF,TDCF
BRX,MDBH
COZ,MDCZ
LRM,MDLR
CBJ,MDCR
POP,MDPP
PUJ,MDPC
SDQ,MDSD
SNX,MDSB
EPS,MDPO
SJM,MDSJ
STI,MDST
HEX,MDHE
SLI,MDLI
IATA,ICAO
DIL,WPDL
MPT,WPMN
ATF,SEAM
GPS,SEGS
GPS,SEGS
OCC,SECO
CUE,SECU
GYE,SEGU
MRR,SEMA
XMS,SEMC
MCH,SEMH
MEC,SEMT
LGQ,SELA
PVO,SEPV
UIO,SEQU
SNC,SESA
SCY,SEST
BHA,SESV
PTZ,SESM
SUQ,SESC
ESM,SETN
TSC,SETH
TPC,SETR
TPN,SETI
TUA,SETU
ABS,HEBL
HBE,HEBA
ALY,HEAX
ASW,HESN
ATZ,HEAT
CAI,HECA
DAK,HEDK
AAC,HEAR
UVL,HEKG
ELT,HETR
HRG,HEGN
LXR,HELX
RMF,HEMA
MUH,HEMM
PSD,HEPS
GSQ,HEOW
SSH,HESH
SKV,HESC
TCP,HETB
BSG,FGBT
SSG,FGSL
KDL,EEKA
URE,EEKE
EPU,EEPU
TLL,EETN
TAY,EETU
ADD,HAAB
AMH,HAAM
ASO,HASO
AWA,HALA
AXU,HAAX
BCO,HABC
BJR,HABD
BEI,HABE
DBM,HADM
DBT,HADT
DEM,HADD
DSE,HADC
DIR,HADR
FNH,HAFN
GMB,HAGM
GNN,HAGH
GOB,HAGB
GDQ,HAGN
GOR,HAGR
HUE,HAHU
JIM,HAJM
ABK,HAKD
LLI,HALL
MZX,HAML
MKS,HAMA
MQX,HAMK
NDM,HAMN
ETE,HAMM
MTF,HAMT
NEJ,HANJ
NEK,HANK
SKR,HASK
SXU,HASD
TIE,HATP
WAC,HAWC
IATA,ICAO
MPN,EGYP
FAE,EKVG
LBS,NFNL
NAN,NFFN
SUV,NFNA
RTA,NFNR
ENF,EFET
HEM,EFHF
HEL,EFHK
HYV,EFHV
IVL,EFIV
JOE,EFJO
JYV,EFJY
KAJ,EFKI
KHJ,EFKJ
KAU,EFKA
KEM,EFKE
KTQ,EFIT
KTT,EFKT
KOK,EFKK
KUO,EFKU
KAO,EFKS
LPP,EFLP
MHQ,EFMA
MIK,EFMI
OUL,EFOU
POR,EFPO
RVN,EFRO
SVL,EFSA
SJY,EFIL
SOT,EFSO
TMP,EFTP
TKU,EFTU
VAA,EFVA
VRK,EFVR
YLI,EFYL
XAB,LFOI
AGF,LFBA
AJA,LFKJ
LBI,LFCI
ANE,LFJR
ANG,LFBU
NCY,LFLP
QRV,LFQD
OBS,LFHO
AUC,LFDH
AUR,LFLW
XXG,LFQF
AUF,LFLA
AVN,LFMV
MLH,LFSB
BIA,LFKB
BVA,LFOB
EGC,LFBE
QBQ,LFQM
BZR,LFMU
BIQ,LFBZ
XBQ,LFOQ
BOD,LFBD
BOU,LFLD
BES,LFRB
BVE,LFBV
CFR,LFRK
ZAO,LFCC
CQF,LFAC
CLY,LFKC
CEQ,LFMD
CCF,LFMK
DCM,LFCK
CMF,LFLB
CHR,LFLX
CER,LFRC
CET,LFOU
CFE,LFLC
CNG,LFBG
CMR,LFGA
CVF,LFLJ
CSF,LFPC
DOL,LFRG
DPE,LFAB
DIJ,LFSD
DNR,LFRD
DLE,LFGJ
EPL,LFSG
EVX,LFOE
FSC,LFKF
GAT,LFNA
GFR,LFRF
GNB,LFLS
IDY,LFEY
EDM,LFRI
LRH,LFBH
LBY,LFRE
LAI,LFRO
LVA,LFOV
CTT,LFMQ
LEH,LFOH
LME,LFRM
LPY,LFHP
LTQ,LFAT
LIL,LFQQ
LIG,LFBL
LRT,LFRH
LYN,LFLY
LYS,LFLL
MRS,LFML
MVV,LFHM
MEN,LFNB
MFX,LFKX
HZB,LFQT
MZM,LFSF
ETZ,LFJL
MCU,LFBK
MPL,LFMT
MXN,LFRU
ENC,LFSN
NTE,LFRS
NVS,LFQG
NCE,LFMN
NIT,LFBN
ORE,LFOJ
CDG,LFPG
LBG,LFPB
ORY,LFPO
PUF,LFBP
PGX,LFBX
PGF,LFMP
PIS,LFBI
POX,LFPT
PRP,LFKO
UIP,LFRQ
RHE,LFSR
RNS,LFRN
RNE,LFLO
RCO,LFDN
RDZ,LFCR
URO,LFOP
RYN,LFCY
SOZ,LFKS
SBK,LFRT
EBU,LFMH
SNR,LFRZ
SXB,LFST
LDE,LFBT
TLS,LFBO
TUF,LFOT
TNF,LFPN
VAF,LFLU
VNE,LFRV
VHY,LFLV
VTL,LFXC
VTL,LFSZ
CAY,SOCA
BOB,NTTB
RFP,NTTR
RGI,NTTG
IATA,ICAO
BMM,FOOB
BGB,FOGB
FOU,FOGF
MVB,FOON
LBQ,FOGR
LTL,FOOR
LBV,FOOL
MKU,FOOK
MYB,FOOY
MBC,FOGG
MKB,FOOE
MVX,FOGV
MZC,FOOM
MGX,FOGI
MFF,FOOD
MJL,FOGM
KDN,FOGE
OKN,FOGQ
OMB,FOOH
OYE,FOGO
POG,FOOG
ZKM,FOOS
TCH,FOOT
BJL,GBYD
SUI,UGSS
TBS,UGGG
TBS,UGGG
AGB,EDMA
BBH,EDBH
BYU,EDQD
TXL,EDDT
BER,EDDB
SXF,EDDB
BFE,EDLI
BMK,EDWR
BWE,EDVE
BRE,EDDW
BRV,EDWB
SGE,EDGS
PAD,EDLP
HEI,EDXB
KSF,EDVK
DTM,EDLW
DRS,EDDC
DUS,EDDL
EME,EDWE
ERF,EDDE
ESS,EDLE
FRA,EDDF
FDH,EDNY
FMO,EDDG
HHN,EDFH
HAM,EDDH
XFW,EDHI
HAJ,EDDV
HGL,EDXH
HDF,EDAH
HOQ,EDQM
JUI,EDWJ
KEL,EDHK
CGN,EDDK
RLG,ETNL
LHA,EDTL
LEJ,EDDP
LBC,EDHL
CSO,EDBC
IGS,ETSI
MHG,EDFM
WVN,EDWI
FMM,EDJA
MGL,EDLN
MUC,EDDM
AOC,EDAC
NRD,EDWY
FCN,ETMN
NUE,EDDN
SZW,EDOP
FKB,EDSB
SCN,EDDR
STR,EDDS
FNB,ETNU
AGE,EDWG
NRN,EDLV
OBI,EDMO
GWT,EDXW
OHR,EDXY
HDF,EDAH
ACC,DGAA
KMS,DGSI
NYI,DGSN
TKD,DGTK
TML,DGLE
GIB,LXGB
VOL,LGBL
AXD,LGAL
GPA,LGRX
JTY,LGPL
ATH,LGAV
CHQ,LGSA
JKH,LGHI
CFU,LGKR
HER,LGIR
JIK,LGIK
IOA,LGIO
KLX,LGKL
AOK,LGKP
KSJ,LGKS
KZS,LGKJ
KSO,LGKA
KVA,LGKV
EFL,LGKF
KGS,LGKO
KZI,LGKZ
KIT,LGKC
LXS,LGLM
MLO,LGML
JMK,LGMK
MJT,LGMT
JNX,LGNX
PAS,LGPA
PVK,LGPZ
RHO,LGRP
SMI,LGSM
JTR,LGSR
JSH,LGST
JSI,LGSK
SKU,LGSY
JSY,LGSO
SKG,LGTS
ZTH,LGZA
JEG,BGEM
AGM,BGAM
DUN,BGDU
JAV,BGJN
OBY,BGSC
QPW,BGKA
SFJ,BGSF
KUS,BGKK
JNN,BGNN
JNS,BGNS
UAK,BGBW
CNP,BGCO
GOH,BGGH
JFR,BGFH
THU,BGTL
NAQ,BGQA
JCH,BGCH
JGO,BGGN
JHS,BGHB
JUV,BGUP
UMD,BGUM
GND,TGPY
BBR,TFFB
GBJ,TFFM
DSD,TFFA
PTP,TFFR
SBH,TFFJ
SFC,TFFC
SFG,TFFG
LSS,TFFS
GUM,PGUM
CMM,MGCR
CTF,MGCT
CBV,MGCB
FRS,MGTK
GUA,MGGT
HUG,MGHT
MCR,MGMM
PON,MGPP
PBR,MGPB
AAZ,MGQZ
AQB,MGQC
RER,MGRT
RUV,MGRB
BKJ,GUOK
CKY,GUCY
FAA,GUFH
FIG,GUFA
KNN,GUXD
KSI,GUKU
SBI,GUSB
LEK,GULB
MCA,GUMA
NZE,GUNZ
GII,GUSI
OXB,GGOV
AHL,SYAH
NAI,SYAN
GEO,SYCJ
IMB,SYIB
KAR,SYKM
KRM,SYKR
KTO,SYKT
LTM,SYLT
LUB,SYLP
MHA,SYMD
ORJ,SYOR
IATA,ICAO
CAP,MTCH
JAK,MTJA
JEE,MTJE
PAX,MTPX
PAP,MTPP
CAA,MHCA
LCE,MHLC
LEZ,MHLE
PEU,MHPL
RTB,MHRO
SAP,MHLM
TGU,MHTG
TEA,MHTE
BUD,LHBP
DEB,LHDC
QGY,LHPR
MCQ,LHMC
SOB,LHSM
IATA,ICAO
AEY,BIAR
BLO,BIBL
EGS,BIEG
HFN,BIHN
IFJ,BIIS
KEF,BIKF
NOR,BINF
PFJ,BIPA
TEY,BITE
RFN,BIRG
RKV,BIRK
THO,BITH
SAK,BIKR
SIJ,BISI
SYK,BIST
VEY,BIVM
IXA,VEAT
AGX,VOAT
AGR,VIAG
AMD,VAAH
AJL,VELP
AKD,VAAK
IXD,VIAL
ATQ,VIAR
IXU,VAAU
IXB,VEBD
RGH,VEBG
BLR,VOBG
IXG,VABM
BHU,VABV
BHO,VABP
BBI,VEBS
BHJ,VABJ
KUU,VIBR
IXC,VICG
MAA,VOMM
CJB,VOCB
COH,VECO
GOI,VAGO
DED,VIDN
DIB,VEC1
DMU,VEMR
DIU,VA1P
GAY,VEGY
GOP,VEGK
GAU,VEGT
GWL,VIGR
HBX,VA1A
HYD,VOHY
IMF,VEIM
IDR,VAID
JLR,VAJB
JGB,VE46
JAI,VIJP
JSA,VIJR
IXJ,VIJU
JGA,VAJM
IXW,VEJS
JDH,VIJO
JRH,VEJT
CDP,VOCP
IXH,VEKR
IXY,VAKE
DHM,VIGG
KNU,VIKA
IXK,VAKS
HJR,VAKJ
COK,VOCI
KLH,VAKP
CCU,VECC
KTU,VIKO
CCJ,VOCL
IXL,VILH
LKO,VILK
LUH,VILD
IXM,VOMD
LDA,VEMH
IXE,VOML
BOM,VABB
MZU,VEMZ
MYQ,VOMY
NAG,VANP
NDC,VAND
DEL,VIDP
IXI,VELR
PGH,VIPT
IXT,VEPG
PAT,VEPT
PNY,VOPC
PBD,VAPR
IXZ,VOPB
PNQ,VAPO
PUI,VEPU
BEK,VOPN
RPR,VARP
RJA,VORY
RAJ,VARK
IXR,VERC
RRK,VERK
RUP,VERU
SXV,VOSM
SHL,VEBI
SLV,VISM
IXS,VEKU
SSE,VASL
SXR,VISR
STV,VASU
TEZ,VETZ
TEI,VETJ
TRV,VOTV
TCR,VO80
TRZ,VOTR
TIR,VOTP
UDR,VAUD
BDQ,VABO
VNS,VIBN
VGA,VOBZ
VTZ,VEVZ
ZER,VEZO
AMQ,WAPP
BPN,WALL
BTJ,WITT
TKG,WIIT
BDO,WIIB
BDJ,WRBB
BTH,WIKB
BIK,WABB
CGK,WIII
DPS,WADD
HLP,WIIH
DJJ,WAJJ
KDI,WAAU
PDG,WIPT
KOE,WRKK
UPG,WAAA
MDC,WAMM
AMI,WRRA
MES,WIMM
PKY,WRBP
PLM,WIPP
PLW,WAML
PKU,WIBB
PNK,WIOO
SRI,WRLS
SRG,WIIS
SUB,WRSJ
SOC,WRSQ
TNJ,WIKN
TRK,WRLR
JOG,WIIJ
ABD,OIAA
AWZ,OIAW
ADU,OITL
YEH,OIBI
BXR,OIKM
BND,OIKB
BDH,OIBL
XBJ,OIMB
BJB,OIMN
BUZ,OIBB
ZBR,OIZC
IFN,OIFM
HDM,OIHH
KER,OIKK
KSH,OICC
KHK,OIBQ
KHD,OICK
KIH,OIBK
LVP,OIBV
MRX,OIAM
MHD,OIMM
RJN,OIKR
RZR,OINR
RAS,OIGG
SDG,OICS
CKT,OIMC
SRY,OINZ
SYZ,OISS
SYJ,OIKY
SXI,OIBS
TCX,OIMT
TBZ,OITT
IKA,OIIE
THR,OIII
AZD,OIYY
ACZ,OIZB
ZAH,OIZH
EBL,ORER
ISU,ORSU
GWY,EICM
CFN,EIDL
ORK,EICK
DUB,EIDW
KIR,EIKY
NNR,EICA
NOC,EIKN
SNN,EINN
SXL,EISG
WAT,EIWF
BEV,LLBS
ETH,LLET
EIY,LLEY
HFA,LLHA
MTZ,LLMZ
MIP,LLMR
VDA,LLOV
KSW,LLKS
RPN,LLIB
SDV,LLSD
TLV,LLBG
ALL,LIMG
AHO,LIEA
AOI,LIPY
AOT,LIMW
BRI,LIBD
BLX,LIDB
BGY,LIME
BLQ,LIPE
BZO,LIPB
VBS,LIPO
BDS,LIBR
CAG,LIEE
UDN,LIPD
CTA,LICC
CRV,LIBC
CUF,LIMZ
FLR,LIRQ
FOG,LIBF
FRL,LIPK
GOA,LIMJ
GRS,LIRS
SUF,LICA
LMP,LICD
QLT,LIRL
LCC,LIBN
LCV,LIQL
EBA,LIRJ
LIN,LIML
MXP,LIMC
NAP,LIRN
OLB,LIEO
PMO,LICJ
PNL,LICG
PMF,LIMP
PEG,LIRZ
PSR,LIBP
PSA,LIRP
RAN,LIDR
REG,LICR
RMI,LIPR
CIA,LIRA
FCO,LIRF
TRS,LIPQ
SAY,LIQS
TAR,LIBG
TTB,LIET
TPS,LICT
TSF,LIPH
TRN,LIMF
VCE,LIPZ
VRN,LIPX
VIC,LIPT
OGO,DIAU
ABJ,DIAP
BDK,DIBU
BYK,DIBK
BQO,DIBN
BXI,DIBI
DJO,DIDL
DIM,DIDK
FEK,DIFK
BBV,DIGN
GGO,DIGL
HGO,DIKO
MJC,DIMN
KEO,DIOD
OFI,DIOF
SPY,DISP
ZSS,DISS
TXU,DITB
TOZ,DITM
ASK,DIYO
IATA,ICAO
KIN,MKJP
MBJ,MKJS
NKM,RJNA
NGO,RJGG
ONJ,RJSR
AXT,RJSK
AOJ,RJSA
NRT,RJAA
MYJ,RJOM
FKJ,RJNF
FUK,RJFF
KKJ,RJFR
FKS,RJSF
HIJ,RJOA
RBJ,RJCR
WKJ,RJCW
HKD,RJCH
OBO,RJCB
OIR,RJEO
SHB,RJCN
KUH,RJCK
CTS,RJCC
MMB,RJCM
RIS,RJER
AKJ,RJEC
MBE,RJEB
UKB,RJBE
ITM,RJOO
NTQ,RJNW
HNA,RJSI
TAK,RJOT
KKX,RJKI
KOJ,RJFK
ASJ,RJKA
KUM,RJFC
OKE,RJKB
RNJ,RORY
TNE,RJFG
TKN,RJKN
KCZ,RJOK
KMJ,RJFT
SDJ,RJSS
KMI,RJFM
MMJ,RJAF
IKI,RJDB
NGS,RJFU
TSJ,RJDT
FUJ,RJFE
KIJ,RJSN
SDS,RJSD
OIT,RJFO
OKJ,RJOB
TRA,RORT
SHI,RORS
AGJ,RORA
MMD,ROMD
IEJ,RORE
OKA,ROAH
MMY,ROMY
UEO,ROKJ
KJP,ROKR
OGN,ROYN
HTR,RORH
KTD,RORK
ISG,ROIG
KIX,RJBB
HSG,RJFS
OKI,RJNO
IZO,RJOC
IWJ,RJOW
MYE,RJTQ
HND,RJTT
OIM,RJTO
HAC,RJTH
TTJ,RJOR
TOY,RJNT
SHM,RJBD
GAJ,RJSC
SYO,RJSY
UBJ,RJDC
ADJ,OJAM
AMM,OJAI
AQJ,OJAQ
IATA,ICAO
AKX,UATT
ALA,UAAA
TSE,UACC
GUW,UATG
BXH,UAAH
KGF,UAKK
KSN,UAUU
URA,UARR
DZN,UAKD
ASV,HKAM
EDL,HKED
EYS,HKES
GAS,HKGA
HOA,HKHO
FER,HKFG
KEY,HKKR
ILU,HKKL
KIS,HKKI
KTL,HKKT
LAU,HKLU
LOK,HKLO
LOY,HKLY
MYD,HKML
NDE,HKMA
RBT,HKMB
MBA,HKMO
OYL,HKMY
NBO,HKJK
WIL,HKNW
NUU,HKNK
NYK,HKNY
NYE,HKNI
UAS,HKSB
WJR,HKWJ
BBG,NGTU
CIS,PCIS
CXI,PLCH
TRW,NGTA
KWI,OKBK
FRU,UAFM
OSS,UAFO
IATA,ICAO
AOU,VLAP
OUI,VLHS
LXG,VLLN
LPQ,VLLB
ODY,VLOS
PKZ,VLPS
NEU,VLSN
VNA,VLSV
ZVK,VLSK
ZBY,VLSB
THK,VLTK
VTE,VLVT
XKH,VLXK
LPX,EVLA
RIX,EVRA
VTS,EVVA
BEY,OLBA
KYE,OLKA
LRB,FXLR
MFC,FXMF
MSU,FXMM
MKH,FXMK
UNE,FXQN
SHK,FXSH
SOK,FXSM
UCN,GLBU
NIA,GLNA
SNI,GLGE
CPA,GLCP
ROB,GLRB
MLW,GLMR
THC,GLTN
BEN,HLLB
HUQ,HLON
AKF,HLKF
LMQ,HLMB
SEB,HLLS
TIP,HLLT
LUX,ELLX
IATA,ICAO
OHD,LWOH
OHD,LWOH
SKP,LWSK
SKP,LWSK
IVA,FMNJ
WAM,FMMZ
AMB,FMNE
AMP,FMSY
HVA,FMNL
ZWA,FMND
JVA,FMMK
WAK,FMSZ
ANM,FMNH
TNR,FMMI
WAQ,FMMG
ATJ,FMME
DIE,FMNA
WAI,FMNW
WBD,FMNF
OVA,FMSL
BMD,FMML
WBO,FMSB
BPY,FMNQ
RVA,FMSG
WFI,FMSF
IHO,FMSI
ILK,FMMQ
MJN,FMNM
VVB,FMMH
MXT,FMMO
WML,FMMC
WVK,FMSK
WMR,FMNC
MNJ,FMSM
WMD,FMSC
WMA,FMNX
MJA,FMSJ
WMN,FMNR
ZVA,FMMN
TVA,FMMR
MXM,FMSR
MOQ,FMMV
NOS,FMNN
WPB,FMNG
SMS,FMMS
SVB,FMNS
DWB,FMNO
WTA,FMMU
TDV,FMSN
TMM,FMMT
FTU,FMSD
TLE,FMST
TTS,FMNT
WTS,FMMX
VAT,FMMY
VOH,FMNV
BLZ,FWCL
CEH,FWCD
CMK,FWCM
DWA,FWDW
KGJ,FWKA
KBQ,FWKG
LIX,FWLK
LLW,FWLI
MAI,FWMG
MYZ,FWMY
ZZU,FWUU
LMB,FWSM
AOR,WMKA
BBN,WBGZ
BTU,WBGB
BWH,WMKB
IPH,WMKI
JHB,WMKJ
KTE,WMKE
KBR,WMKC
BKI,WBKK
SZB,WMSA
KUL,WMKK
TGG,WMKN
KUA,WMKD
KCH,WBGG
LBU,WBKL
LDU,WBKD
LGK,WMKL
LWY,WBGW
MKZ,WMKM
MUR,WBGM
MYY,WBGR
MKM,WBGK
PEN,WMKP
SDK,WBKS
TPG,WMBI
TWU,WBKW
GAN,VRMG
HAQ,VRMH
KDO,VRMT
MLE,VRMM
BKO,GABS
GAQ,GAGO
GUD,GAGM
KYS,GAKY
KNZ,GAKA
KTX,GAKO
MZI,GAMB
NRM,GANK
NIX,GANR
KSS,GASK
TOM,GATB
EYL,GAYE
MLA,LMML
ENT,PKMA
UIT,N55
KWA,PKWA
MAJ,PKMJ
FDF,TFFF
AEO,GQNA
AJJ,GQNJ
ATR,GQPA
BGH,GQNE
OTL,GQNB
FGD,GQPF
KED,GQNK
KFA,GQNF
MOM,GQNL
EMN,GQNI
NDB,GQPP
NKC,GQNN
SEY,GQNS
THT,GQNT
THI,GQNC
TIY,GQND
TMD,GQNH
OUZ,GQPZ
MRU,FIMP
RRG,FIMR
ACA,MMAA
AGU,MMAS
CPE,MMCP
CUN,MMUN
CTM,MMCM
CUU,MMCU
CME,MMCE
CJS,MMCS
CEN,MMCN
CVM,MMCV
CLQ,MMIA
CZM,MMCZ
CVJ,MMCB
CUL,MMCL
DGO,MMDO
GDL,MMGL
GYM,MMGM
GUB,MMGR
HMO,MMHO
HUX,MMBT
ZIH,MMZH
JAL,MMJA
LAP,MMLP
LZC,MMLC
BJX,MMLO
LTO,MMLT
SJD,MMSD
LMM,MMLM
ZLO,MMZO
MAM,MMMA
MZT,MMMZ
MID,MMMD
MXL,MMML
MEX,MMMX
MTT,MMMT
LOV,MMMV
MTY,MMMY
MLM,MMMM
NLD,MMNL
OAX,MMOX
PDS,MMPG
PAZ,MMPA
PBC,MMPB
PXM,MMPS
PVR,MMPR
QRO,MMQT
REX,MMRX
SLW,MMIO
SLP,MMSP
TAM,MMTM
TAP,MMTP
TPQ,MMEP
TIJ,MMTJ
TLC,MMTO
TRC,MMTC
TGZ,MMTG
UPN,MMPN
VER,MMVR
VSA,MMVA
ZCL,MMZC
ROR,PTRO
KSA,PTSA
PNI,PTPN
ULI,TT02
TKK,PTKK
YAP,PTYA
KIV,LUKK
MCM,LNMC
LTI,ZMAT
AVK,ZMAH
UUN,ZMBU
BYN,ZMBH
UGA,ZMBN
COQ,ZMCD
ULN,ZMUB
TGD,LYPG
TIV,LYTV
AGA,GMAD
AHU,GMTA
CAS,GMMC
CMN,GMMN
ERH,GMFK
FEZ,GMFF
RAK,GMMX
OZZ,GMMZ
OUD,GMFO
RBA,GMME
SFI,GMMS
SII,GMMF
TTA,GMAT
TNG,GMTT
TTU,GMTN
ANO,FQAG
BEW,FQBR
VPY,FQCH
FXO,FQCB
INH,FQIN
VXC,FQLC
MPM,FQMA
MZB,FQMP
MNC,FQNC
APL,FQNP
POL,FQPB
UEL,FQQL
TET,FQTT
VNX,FQVL
NYU,VYBG
TVY,VYDW
GAW,VYGG
GWA,VYGW
HEH,VYHH
HOX,VYHL
PAA,VYPA
PPU,VYPP
KHM,VYKI
KAW,VYKT
KET,VYKG
KYP,VYKP
LSH,VYLS
LIW,VYLK
MWQ,VYMW
MGU,VYMN
MDL,VYCZ
MNU,VYMM
MOE,VYMO
MGK,VYMT
MOG,VYMS
MGZ,VYME
MYT,VYMK
NMS,VYNS
PKK,VYPU
BSX,VYPN
PAU,VYPK
PBU,VYPT
PRU,VYPY
AKY,VYSW
THL,VYTL
SNW,VYTD
RGN,VYYY
XYE,VYYE
IATA,ICAO
ADI,FYAR
GFY,FYGF
MPA,FYKM
KMP,FYKT
LUD,FYLZ
NNI,FYNA
OKF,FYOO
OND,FYOA
OMD,FYOG
NDU,FYRU
SWP,FYSM
TSB,FYTM
WVB,FYWB
WDH,FYWH
ERS,FYWE
INU,ANAU
BGL,VNBL
BIT,VNBT
BJH,VNBG
BJU,VNBR
BWA,VNBW
BHR,VNBP
BHP,VNBJ
BIR,VNVT
DNP,VNDG
DAP,VNDL
DHI,VNDH
DOP,VNDP
GKH,VNGK
JKR,VNJP
JMO,VNJS
JUM,VNJL
KTM,VNKT
LDN,VNLD
LUA,VNLK
NGX,VNMA
MEY,VNMG
KEP,VNNG
PKR,VNPK
RJB,VNRB
RHP,VNRC
RUK,VNRK
RUM,VNRT
FEB,VNSR
SIF,VNSI
IMK,VNST
SKH,VNSK
TMI,VNTR
AMS,EHAM
ENS,EHTW
GRQ,EHGG
LEY,EHLE
MST,EHBK
RTM,EHRD
BON,TNCB
CUR,TNCC
SAB,TNCS
EUX,TNCE
SXM,TNCM
ILP,NWWE
HLU,NWWH
KNQ,NWWD
KOC,NWWK
LIF,NWWL
MEE,NWWR
NOU,NWWW
GEA,NWWM
UVE,NWWV
TOU,NWWU
ALR,NZLX
ASG,NZAS
AKL,NZAA
BHE,NZWB
CHT,NZCI
CHC,NZCH
DUD,NZDN
GIS,NZGS
GTN,NZGT
GBZ,NZGB
GMN,NZGM
HLZ,NZHN
HKK,NZHK
IVC,NZNV
KKO,NZKO
KBZ,NZKI
KAT,NZKT
KKE,NZKK
MRO,NZMS
MTA,NZMA
MFN,NZMF
MON,NZMC
NPE,NZNR
NSN,NZNS
NPL,NZNP
OAM,NZOU
OHA,NZOH
PMR,NZPM
PPQ,NZPP
ZQN,NZQN
RAG,NZRA
ROT,NZRO
TUO,NZAP
TRG,NZTG
TMZ,NZTH
TIU,NZTU
WIR,NZWO
WKA,NZWF
WAG,NZWU
WLG,NZWN
WSZ,NZWS
WHK,NZWK
WRE,NZWR
BEF,MNBL
MGA,MNMG
PUZ,MNPC
AJY,DRZA
MFQ,DRRM
NIM,DRRN
THZ,DRRT
ZND,DRZR
ABV,DNAA
AKR,DNAK
BNI,DNBE
CBQ,DNCA
ENU,DNEN
IBA,DNIB
ILR,DNIL
JOS,DNJO
KAD,DNKA
KAN,DNKN
LOS,DNMM
MIU,DNMA
MXJ,DNMN
PHC,DNPO
SKO,DNSO
YOL,DNYO
ZAR,DNZA
FNJ,ZKPY
ROP,PGRO
SPN,PGSN
AES,ENAL
ALF,ENAT
ANX,ENAN
BDU,ENDU
BJF,ENBS
BGO,ENBR
BVG,ENBV
BOO,ENBO
BNN,ENBN
EVE,ENEV
VDB,ENFG
FAN,ENLI
FRO,ENFL
FDE,ENBL
DLD,ENDI
GLL,ENKL
HMR,ENHA
HFT,ENHF
HAA,ENHK
HAU,ENHD
HVG,ENHV
QKX,ENKA
KKN,ENKR
KRS,ENCN
KSU,ENKB
LKL,ENNA
SRP,ENSO
LKN,ENLK
LYR,ENSB
MEH,ENMH
MQN,ENRA
MOL,ENML
MJF,ENMS
RYG,ENRY
OSY,ENNM
NVK,ENNK
NTB,ENNO
OLA,ENOL
HOV,ENOV
OSL,ENGM
RRS,ENRO
RVK,ENRM
RET,ENRS
SDN,ENSD
TRF,ENTO
SSJ,ENST
SKE,ENSN
SOG,ENSG
SOJ,ENSR
SVG,ENZV
TRD,ENVA
SKN,ENSK
SVJ,ENSH
TOS,ENTC
VDS,ENVD
VAW,ENSS
IATA,ICAO
KHS,OOKB
OMM,OONR
MSH,OOMA
MCT,OOMS
SLL,OOSA
TTH,OOTH
IATA,ICAO
BHV,OPBW
BNP,OPBN
CHB,OPCL
CJL,OPCH
DBA,OPDB
DEA,OPDG
DSK,OPDI
LYP,OPFA
GIL,OPGT
GWD,OPGD
HDD,OPKD
ISB,OPRN
JIW,OPJI
KHI,OPKC
KDD,OPKH
LHE,OPLA
XJM,OPMA
MJD,OPMJ
MUX,OPMT
MFG,OPMF
WNS,OPNH
ORW,OPOR
PJG,OPPG
PAJ,OPPC
PSI,OPPI
PEW,OPPS
UET,OPQT
RYK,OPRK
RAZ,OPRT
SDT,OPSS
SYW,OPSN
SBQ,OPSB
MPD,OPMP
KDU,OPSD
SUL,OPSU
SKZ,OPSK
TLB,OPTA
TUK,OPTU
PZH,OPZB
ROR,PTRO
BOC,MPBO
CHX,MPCH
ONX,MPEJ
DAV,MPDA
JQE,MPJE
PTY,MPTO
GKA,AYGA
LAE,AYLA
MAG,AYMD
HGU,AYMH
POM,AYPY
RAB,AYRB
WWK,AYWK
ASU,SGAS
ENO,SGEN
ALD,SPAR
ANS,SPHY
ATA,SPHZ
AQP,SPQU
AYP,SPHO
BLP,SPBL
CJA,SPJR
CHH,SPPY
CIX,SPHI
CHM,SPEO
CUZ,SPZO
HUU,SPNC
IBP,SPBR
IQT,SPQT
JAU,SPJJ
JJI,SPJI
JUL,SPJL
SYC,SPOV
LIM,SPIM
MBP,SPBB
PIO,SPSO
PIU,SPUR
PCL,SPCL
PEM,SPTU
UMI,SPIL
RIJ,SPJA
RIM,SPLN
SJA,SPJN
SMG,SPRN
TCQ,SPTN
TYL,SPYL
TPP,SPST
TGI,SPGM
TRU,SPRU
TBP,SPME
YMS,SPMS
CRK,RPLC
BCD,RPVB
BGN,RPUZ
BAG,RPUB
BQA,RPUR
BSO,RPUO
BPH,RPMF
SGS,RPMN
MPH,RPVE
USU,RPVV
BXU,RPME
CGY,RPML
CPP,RPUK
CYP,RPVC
CRM,RPVF
CYZ,RPUY
CEB,RPVM
CBO,RPMC
CYU,RPLO
DTE,RPUD
DVO,RPMD
DPL,RPMG
DGT,RPVD
MRQ,RPUW
GES,RPMR
SAA,RPVG
HIL,RPVH
IGN,RPMI
ILO,RPVI
IPE,RPMV
JOL,RPMJ
KLO,RPVK
LAO,RPLI
LGP,RPLP
LLY,RPMX
LBX,RPLU
MLP,RPMM
CGM,RPMH
MBO,RPUM
MNL,RPLL
CDY,RPMU
MBT,RPVJ
MXI,RPMQ
WNP,RPUN
OMC,RPVO
OZC,RPMO
PAG,RPMP
PPS,RPVP
RXS,RPVR
SFE,RPUS
SJI,RPUH
EUQ,RPVS
SIA,RPNS
SFS,RPLB
AAV,RPMA
SUG,RPMS
TBH,RPVU
TAC,RPVA
TAG,RPVT
TDG,RPMW
TUG,RPUT
VGN,RPUQ
VRC,RPUV
ZAM,RPMZ
BZG,EPBY
GDN,EPGD
KRK,EPKK
LCJ,EPLL
POZ,EPPO
KTW,EPKT
RZE,EPRZ
SZZ,EPSC
SZY,EPSY
WAW,EPWA
WRO,EPWR
IEG,EPZG
BGZ,LPBR
BGC,LPBG
CHV,LPCH
CBP,LPCO
CVU,LPCR
COV,LPCV
HOR,LPHR
FAO,LPFR
FLW,LPFL
FNC,LPMA
GRW,LPGR
PIX,LPPI
LIS,LPPT
PRM,LPPM
OPO,LPPR
PXO,LPPS
SMA,LPAZ
SJZ,LPSJ
PDL,LPPD
SIE,LPSI
VRL,LPVR
VSE,LPVZ
BQN,TJBQ
ABO,TJAB
FAJ,TJFA
CPX,TJCP
VQS,TJVQ
MAZ,TJMZ
PSE,TJPS
SJU,TJSJ
SIG,TJIG
IATA,ICAO
DOH,OTBD
IATA,ICAO
RUN,FMEE
ARW,LRAR
BCM,LRBC
BAY,LRBM
BBU,LRBS
OTP,LROP
CSB,LRCS
CLJ,LRCL
CND,LRCK
CRA,LRCV
IAS,LRIA
OMR,LROD
SUJ,LRSM
SBZ,LRSB
SCV,LRSV
TGM,LRTM
TSR,LRTR
TCE,LRTC
ADH,UEAA
AMV,ULDD
DYR,UHMA
AAQ,URKA
ARH,ULAA
ASF,URWA
BAX,UNBB
EGO,UUOB
BQS,UHBB
BTK,UIBB
CSY,UWKS
CEK,USCC
HTA,UIAA
CKH,UESO
CNN,UELL
IKT,UUII
KGD,UMKK
KZN,UWKD
KEJ,UNEE
KHV,UHHH
KVX,USKK
KSZ,ULKK
KRR,URKK
KJA,UNKL
KYZ,UNKY
GDX,UHMM
GDG,UHBI
MQF,USCM
MRV,URMM
MJZ,UERR
SVO,UUEE
VKO,UUWW
DME,UUDD
MMK,ULMM
NAL,URMN
NNM,ULAM
NJC,USNN
GOJ,UWGG
NSK,UOOO
NOZ,UNWW
OVB,UNNT
OMS,UNOO
REN,UWOO
OSW,UWOR
PEZ,UWPP
PEE,USPP
PKC,UHPP
PES,ULPB
PWE,UHMP
PYJ,UERP
PVS,UHMD
PKV,ULOO
ROV,URRR
LED,ULLI
KUF,UWWW
RTW,UWSS
STW,URMT
SGC,USRR
SCW,UUYY
UFA,UWUU
UCT,UUYH
UUD,UIUU
OGZ,URMO
VVO,UHWW
VOG,URWW
VOZ,UUOO
YKS,UEEE
SVX,USSS
UUS,UHSS
BTQ,HRYI
GYI,HRYG
KME,HRZA
KGL,HRYR
RHG,HRYU
IATA,ICAO
SLU,TLPC
UVF,TLPL
FSP,LFVP
PCP,FPPR
TMS,FPST
AHB,OEAB
HOF,OEAH
ABT,OEBA
AJF,OESK
RAE,OERR
BHH,OEBH
DMM,OEDF
DWD,OEDW
ELQ,OEGS
GIZ,OEGN
URY,OEGT
HAS,OEHL
JED,OEJN
HBT,OEKK
MED,OEMA
EAM,OENG
EPA,OEPA
RAH,OERF
RUH,OERK
ESH,OESH
TUU,OETB
TIF,OETF
TUI,OETR
EWD,OEWD
EJH,OEWJ
YNB,OEYN
BXE,GOTB
CSK,GOGS
DKR,GOOY
KLC,GOOK
KGG,GOTK
KDA,GOGK
MAX,GOSM
POD,GOSP
RDT,GOSR
SMY,GOTS
XLS,GOSS
TUD,GOTT
ZIG,GOGG
BEG,LYBE
INI,LYNI
QND,LYNS
QBG,LYPA
PRN,LYPR
ZZE,LYUZ
QWV,LYVA
BDI,FSSB
DEI,FSSD
DES,FSDR
FRK,FSSF
PRI,FSPP
SEZ,FSIA
KBS,GFBO
BTE,GFBN
FNA,GFLL
GBK,GFGK
HGS,GFHA
KBA,GFKB
KEN,GFKE
WYE,GFYE
SIN,WSSS
BTS,LZIB
KSC,LZKZ
PZY,LZPP
TAT,LZTT
SLD,LZSL
ILZ,LZZI
LJU,LJLJ
MBX,LJMB
POW,LJPZ
HIR,AGGH
MUA,AGGM
ALU,HCMA
BBO,HCMI
BSA,HCMF
BUO,HCMV
CXN,HCMC
HCM,HCME
ERA,HCMU
GLK,HCMR
GSR,HCMG
KMU,HCMK
MGQ,HCMM
CMO,HCMO
CMS,HCMS
ALJ,FAAB
BIY,FABE
BFN,FABL
CPT,FACT
CDO,FACD
VIR,FAVG
DUR,FADN
ELS,FAEL
EMG,FAEM
FCB,FAFB
GRJ,FAGG
GIY,FAGI
GCJ,FAGC
HRS,FAHR
HLW,FAHL
HDS,FAHT
QRA,FAGM
JNB,FAJS
KIM,FAKM
KLZ,FAKZ
KXE,FAKD
KOF,FAKP
KMH,FAKU
LAY,FALY
SDB,FALW
HLA,FALA
LMR,FALC
LCD,FALO
MBD,FAMM
AAM,FAMD
LLE,FAMN
MGH,FAMG
NLP,FANS
NCS,FANC
OUH,FAOH
PHW,FAPH
PZB,FAPM
PTG,FAPI
NTY,FAPN
PBZ,FAPG
AFD,FAPA
PLZ,FAPE
PRY,FAWB
PRK,FAPK
UTW,FAQT
RVO,FARI
RCB,FARB
ROD,FARS
ZEC,FASC
SIS,FASS
SZK,FASZ
SBU,FASB
LTA,FATZ
ULD,FAUL
UTT,FAUT
UTN,FAUP
VRE,FAVR
VRU,FAVB
VYD,FAVY
WEL,FAWM
CJU,RKPC
CHF,RKPE
CJJ,RKTU
QUN,RKNC
ICN,RKSI
KAG,RKNN
KUV,RKJK
KWJ,RKJJ
MPK,RKJM
OSN,RKSO
KPO,RKTH
PUS,RKPK
FNJ,ZKPY
SSN,RKSM
SEL,RKSS
SHO,RKND
SWU,RKSW
TAE,RKTN
USN,RKPU
WJU,RKNW
YEC,RKTY
RSU,RKJY
LCG,LECO
ABC,LEAB
ALC,LEAL
LEI,LEAM
ACE,GCRR
OVD,LEAS
BJZ,LEBZ
BCN,LEBL
BIO,LEBB
JCU,GECT
ODB,LEBA
VDE,GCHI
FUE,GCFV
GRO,LEGE
GRX,LEGR
TFS,GCTS
IBZ,LEIB
XRY,LEJR
GMZ,GCGM
TFN,GCXO
SPC,GCLA
LPA,GCLP
LEN,LELN
RJL,LELO
TOJ,LETO
MAD,LEMD
AGP,LEMG
MLN,GEML
MAH,LEMH
MJV,LELC
PMI,LEPA
PNA,LEPP
REU,LERS
QSA,LELL
SLM,LESA
EAS,LESO
SDR,LEXJ
SCQ,LEST
SVQ,LEZL
VLC,LEVC
VLL,LEVD
VGO,LEVX
VIT,LEVT
ZAZ,LEZG
ADP,VCCA
BTC,VCCB
CMB,VCBI
RML,VCCC
GOY,VCCG
JAF,VCCJ
TRR,VCCT
SVD,TVSV
UNI,TVSU
ATB,HSAT
DNX,HSGG
DOG,HSDN
ELF,HSFS
NUD,HSNH
EBD,HSOB
GSU,HSGF
EGN,HSGN
JUB,HSSJ
KSL,HSKA
KRT,HSSS
KST,HSKI
MAK,HSSM
MWE,HSMR
NHF,HSNW
UYL,HSNL
PZU,HSPN
WHF,HSSW
WUU,HSWW
OEM,SMPA
ORG,SMZO
PBM,SMJP
MTS,FDMS
AGH,ESTA
AJR,ESNX
BLE,ESSD
EKT,ESSU
GEV,ESNG
GVX,ESSK
GSE,ESGP
GOT,ESGG
HFS,ESOH
HAD,ESMT
HMV,ESUT
HUV,ESNH
HLF,ESSF
IDB,ESUE
JKG,ESGJ
KLR,ESMQ
KSK,ESKK
KSD,ESOK
KRN,ESNQ
KRF,ESNK
KID,ESMK
LDK,ESGL
LPI,ESSL
LLA,ESPA
LYC,ESNL
MMX,ESMS
MXX,ESKM
NRK,ESSP
ORB,ESOE
OER,ESNO
OSK,ESMO
OSD,ESPC
PJA,ESUP
RNB,ESDF
SFT,ESNS
KVB,ESGR
SOO,ESNY
BMA,ESSB
NYO,ESKN
ARN,ESSA
SQO,ESUD
SDL,ESNN
EVG,ESND
TYF,ESST
THN,ESGT
UME,ESNU
VST,ESOW
VVK,ESSW
VXO,ESMX
VHM,ESNV
VBY,ESSV
BRN,LSZB
GVA,LSGG
LUG,LSZA
SMV,LSZS
SIR,LSGS
ACH,LSZR
ZRH,LSZH
ALP,OSAP
DAM,OSDI
DEZ,OSDZ
KAC,OSKL
LTK,OSLK
PMS,OSPR
IATA,ICAO
KHH,RCKH
TSA,RCSS
TPE,RCTP
DYU,UTDD
LBD,UTDL
ARK,HTAR
BKZ,HTBU
DAR,HTDA
DOD,HTDO
IRI,HTIR
TKQ,HTKA
JRO,HTKJ
KIY,HTKI
LKY,HTLM
LDI,HTLI
MFA,HTMA
XMI,HTMI
MBI,HTMB
MYW,HTMT
MUZ,HTMU
MWN,HTMD
MWZ,HTMW
NCH,HTNA
JOM,HTNJ
PMA,HTPE
SEU,HTSN
SHY,HTSY
SGX,HTSO
SUT,HTSU
TBO,HTTB
TGT,HTTG
ZNZ,HTZA
BKK,VTBD
CNX,VTCC
CEI,VTCT
,VTCR
QHI,VTBS
HDY,VTSS
HHQ,VTPH
USM,VTSM
KKC,VTUK
KBV,VTSG
LPT,VTCL
LOE,VTUL
HGN,VTCH
MAQ,VTPM
KOP,VTUW
NAK,VTUQ
NST,VTSN
NNT,VTCN
NAW,VTSC
PAN,VTSK
UTP,VTBU
PHS,VTPP
PRH,VTCP
HKT,VTSP
UNN,VTSR
SNO,VTUI
SGZ,VTSH
THS,VTPO
URT,VTSB
TKT,VTPT
TST,VTST
UBP,VTUU
UTH,VTUD
UTP,VTUD
UTR,VTPU
LFW,DXXX
LRL,DXNG
HPA,NFTL
NTT,NFTP
TBU,NFTF
VAV,NFTV
POS,TTPP
DJE,DTTJ
EBM,DTTR
GAF,DTTF
MIR,DTMB
SFA,DTTX
TBJ,DTKA
TOE,DTTZ
TUN,DTTA
ADA,LTAF
ADF,LTCP
AJI,LTCO
ESB,LTAC
AYT,LTAI
EDO,LTFD
BAL,LTCJ
YEI,LTBR
CKZ,LTBH
DNZ,LTAY
DIY,LTCC
EZS,LTCA
ERC,LTCD
ERZ,LTCE
AOE,LTBY
GZT,LTAJ
GZP,LTFG
ISE,LTFC
SAW,LTFJ
IST,LTBA
ADB,LTBJ
KCM,LTCN
KSY,LTCF
ASR,LTAU
KYA,LTAN
MLX,LTAT
MQM,LTCR
BJV,LTFE
DLM,LTBS
MSR,LTCK
NAV,LTAZ
SZF,LTFH
SFQ,LTCH
SXZ,LTCL
VAS,LTAR
TEQ,LTBU
TZX,LTCG
VAN,LTCI
ASB,UTAA
GDT,MBGT
FUN,NGFU
IATA,ICAO
STX,TISX
STT,TIST
ABR,KABR
ABI,KABI
CAK,KCAK
ABY,KABY
ALB,KALB
ABQ,KABQ
AEX,KAEX
ABE,KABE
APN,KAPN
AOO,KAOO
AMA,KAMA
MRI,PAMR
ANC,PANC
LHD,PALH
ANI,PANI
ATW,KATW
ACV,KACV
DCA,KDCA
AVL,KAVL
ASE,KASE
AHN,KAHN
ATL,KATL
ACY,KACY
AGS,KAGS
AUS,KAUS
BFL,KBFL
BWI,KBWI
BGR,KBGR
BHB,KBHB
BRW,PABR
BTR,KBTR
BPT,KBPT
BED,KBED
BLI,KBLI
BJI,KBJI
BET,PABE
BIL,KBIL
BGM,KBGM
BHM,KBHM
BIS,KBIS
BMI,KBMI
BOI,KBOI
BOS,KBOS
BZN,KBZN
BRD,KBRD
BRO,KBRO
BQK,KBQK
BUF,KBUF
IFP,KIFP
BUR,KBUR
BTV,KBTV
BTM,KBTM
CRQ,KCRQ
CPR,KCPR
CDC,KCDC
CID,KCID
CMI,KCMI
IAD,KIAD
CHS,KCHS
CRW,KCRW
CVX,KCVX
CLT,KCLT
CHO,KCHO
CHA,KCHA
CYS,KCYS
MDW,KMDW
ORD,KORD
CIC,KCIC
CKB,KCKB
CLE,KCLE
COD,KCOD
CLL,KCLL
COS,KCOS
COU,KCOU
CAE,KCAE
CSG,KCSG
GTR,KGTR
CMH,KCMH
CDV,PACV
CRP,KCRP
CVG,KCVG
CEC,KCEC
DAL,KDAL
DFW,KDFW
DAY,KDAY
DAB,KDAB
SCC,PASC
DEC,KDEC
DEN,KDEN
DSM,KDSM
DTW,KDTW
DLG,PADL
DHN,KDHN
DUJ,KDUJ
DBQ,KDBQ
DLH,KDLH
DRO,KDRO
EGE,KEGE
EAU,KEAU
ELP,KELP
EKO,KEKO
ELM,KELM
ERI,KERI
EUG,KEUG
EVV,KEVV
FAI,PAFA
FAR,KFAR
FMN,KFMN
XNA,KXNA
FAY,KFAY
FLG,KFLG
FNT,KFNT
FLO,KFLO
FLL,KFLL
RSW,KRSW
FSM,KFSM
FWA,KFWA
FAT,KFAT
FHR,KFHR
GNV,KGNV
GAL,PAGA
GCC,KGCC
GFK,KGFK
GJT,KGJT
GRR,KGRR
GTF,KGTF
GRB,KGRB
GSO,KGSO
PGV,KPGV
GSP,KGSP
GPT,KGPT
GUC,KGUC
HGR,KHGR
SUN,KSUN
HNM,PHHN
CMX,KCMX
HRL,KHRL
MDT,KMDT
PIB,KPIB
HDN,KHDN
HLN,KHLN
ITO,PHTO
HXD,KHXD
HOM,PAHO
HNL,PHNL
EFD,KEFD
HOU,KHOU
IAH,KIAH
HTS,KHTS
HSV,KHSV
HYA,KHYA
IDA,KIDA
IPL,KIPL
IND,KIND
INL,KINL
IYK,KIYK
ISP,KISP
ITH,KITH
JAN,KJAN
JAC,KJAC
JAX,KJAX
OAJ,KOAJ
JHW,KJHW
JST,KJST
JLN,KJLN
JNU,PAJN
OGG,PHOG
KOA,PHKO
AZO,KAZO
GPI,KGPI
MCI,KMCI
MKK,PHMK
ENA,PAEN
KTN,PAKT
EYW,KEYW
GRK,KGRK
AKN,PAKN
LMT,KLMT
TYS,KTYS
ADQ,PADQ
OTZ,PAOT
LSE,KLSE
LAF,KLAF
LFT,KLFT
LCH,KLCH
LNY,PHNY
LNS,KLNS
LAN,KLAN
LRD,KLRD
LAS,KLAS
VGT,KVGT
LBE,KLBE
LAW,KLAW
LWS,KLWS
LEX,KLEX
LIH,PHLI
LNK,KLNK
LIT,KLIT
LGB,KLGB
GGG,KGGG
LAX,KLAX
SDF,KSDF
LBB,KLBB
LYH,KLYH
MCN,KMCN
MSN,KMSN
MHT,KMHT
MHK,KMHK
MKT,KMKT
MWA,KMWA
SAW,KSAW
MCW,KMCW
MFE,KMFE
MFR,KMFR
MLB,KMLB
MEM,KMEM
MEI,KMEI
MIA,KMIA
MAF,KMAF
MKE,KMKE
MSP,KMSP
MOT,KMOT
MSO,KMSO
MOB,KMOB
MOD,KMOD
MLI,KMLI
MLU,KMLU
MRY,KMRY
MGM,KMGM
MTJ,KMTJ
MGW,KMGW
CWA,KCWA
MKG,KMKG
MYR,KMYR
ACK,KACK
APF,KAPF
BNA,KBNA
EWB,KEWB
EWN,KEWN
HVN,KHVN
MSY,KMSY
LGA,KLGA
JFK,KJFK
EWR,KEWR
SWF,KSWF
PHF,KPHF
OME,PAOM
ORF,KORF
OTH,KOTH
OAK,KOAK
OKC,KOKC
OMA,KOMA
ONT,KONT
SFB,KSFB
MCO,KMCO
OXR,KOXR
PAH,KPAH
PGA,KPGA
PSP,KPSP
PFN,KPFN
PKB,KPKB
PSC,KPSC
PLN,KPLN
PDT,KPDT
PNS,KPNS
PIA,KPIA
PSG,PAPG
PHL,KPHL
PHX,KPHX
PIR,KPIR
PIT,KPIT
PIH,KPIH
CLM,KCLM
PCW,KPCW
PWM,KPWM
PDX,KPDX
PSM,KPSM
PQI,KPQI
PVD,KPVD
PVC,KPVC
PUW,KPUW
UIN,KUIN
RDU,KRDU
RAP,KRAP
RDG,KRDG
RDD,KRDD
RDM,KRDM
RNO,KRNO
RHI,KRHI
RIC,KRIC
RIW,KRIW
ROA,KROA
RST,KRST
ROC,KROC
RKD,KRKD
SMF,KSMF
MBS,KMBS
SBY,KSBY
SLC,KSLC
SJT,KSJT
SAT,KSAT
SAN,KSAN
SFO,KSFO
SJC,KSJC
SBP,KSBP
SNA,KSNA
SBA,KSBA
SAF,KSAF
SMX,KSMX
SRQ,KSRQ
CIU,KCIU
SAV,KSAV
BFI,KBFI
SEA,KSEA
SHR,KSHR
SHV,KSHV
SDY,KSDY
SUX,KSUX
FSD,KFSD
SIT,PASI
SBN,KSBN
GEG,KGEG
SPI,KSPI
SGF,KSGF
STC,KSTC
SGU,KSGU
STL,KSTL
PIE,KPIE
UNV,KUNV
SCK,KSCK
SYR,KSYR
TLH,KTLH
TPA,KTPA
TEX,KTEX
TXK,KTXK
TOL,KTOL
FOE,KFOE
TVC,KTVC
TTN,KTTN
TRI,KTRI
TUS,KTUS
TUL,KTUL
TUP,KTUP
GCN,KGCN
TWF,KTWF
TYR,KTYR
DUT,PADU
VDZ,PAVD
VLD,KVLD
VPS,KVPS
VCT,KVCT
VCV,KVCV
MVY,KMVY
ACT,KACT
ALW,KALW
ALO,KALO
EAT,KEAT
PBI,KPBI
HPN,KHPN
SPS,KSPS
ICT,KICT
AVP,KAVP
IPT,KIPT
ILM,KILM
BDL,KBDL
ORH,KORH
YKM,KYKM
YAK,PAYA
YUM,KYUM
RUA,HUAR
EBB,HUEN
ULU,HUGU
JIN,HUJI
KSE,HUKS
KCU,HUMI
MBQ,HUMA
PAF,HUPA
SRT,HUSO
TRY,HUTO
DNK,UKDD
DOK,UKCC
IFO,UKLI
HRK,UKHH
KBP,UKBB
IEV,UKKK
KWG,UKDR
LWO,UKLL
NLV,UKON
ODS,UKOO
RWN,UKLR
SIP,UKFF
UDJ,UKLU
VIN,UKWW
OZH,UKDE
AZI,OMAD
AUH,OMAA
AAN,OMAL
DXB,OMDB
FJR,OMFJ
RKT,OMRK
SHJ,OMSJ
ABZ,EGPD
WRY,EGEW
ACI,EGJA
TRE,EGPU
BRR,EGPR
BWF,EGNL
QLA,EGHL
BFS,EGAA
BHD,EGAC
BEB,EGPL
BHX,EGBB
BLK,EGNH
BOH,EGHH
BRS,EGGD
BBS,EGLK
CBG,EGSC
CAL,EGEC
MSE,EGMH
CWL,EGFF
CAX,EGNC
CEG,EGNR
CVT,EGBE
LDY,EGAE
DND,EGPN
EMA,EGNX
EDI,EGPH
ENK,EGAB
EXT,EGTE
FAB,EGLF
FZO,EGTG
PIK,EGPK
GLA,EGPF
GCI,EGJB
HAW,EGFE
INV,EGPE
ILY,EGPI
IOM,EGNS
JER,EGJJ
HUY,EGNJ
KOI,EGPA
SCS,EGPM
LWK,EGET
LPL,EGGP
LHR,EGLL
LTN,EGGW
STN,EGSS
BQH,EGKB
LCY,EGLC
LGW,EGKK
LYX,EGMD
MAN,EGCC
NCL,EGNT
NQY,EGDQ
NRL,EGEN
ORM,EGBK
NWI,EGSH
NQT,EGBN
OXF,EGTK
PPW,EGEP
PSL,EGPT
PLH,EGHD
KRH,EGKR
RCS,EGTO
BBP,EGHJ
SZE,EGSY
LSI,EGPB
ESH,EGKA
DSA,EGCN
SOU,EGHI
SEN,EGMC
LEQ,EGHC
ISC,EGHE
GLO,EGBJ
SYY,EGPO
SWS,EGFH
MME,EGNV
UPV,EGDJ
LBA,EGNM
WHS,EGEH
WIC,EGPC
ATI,SUAG
CYR,SUCA
DZO,SUDU
PDP,SULS
MLZ,SUMO
MVD,SUMU
PDU,SUPU
RVY,SURV
STY,SUSO
TAW,SUTB
TYT,SUTR
VCH,SUVO
BHK,UTSB
SKD,UTSS
TAS,UTTT
TMJ,UTST
UGC,UTNU
IATA,ICAO
SON,NVSS
VLI,NVVV
AGV,SVAC
AAO,SVAN
BLA,SVBC
BNS,SVBI
BRM,SVBM
CLZ,SVCL
CAJ,SVCN
VCR,SVCO
CUP,SVCP
CBL,SVCB
CGU,SVPR
CZE,SVCR
CUM,SVCU
EOR,SVED
VIG,SVVG
EOZ,SVEZ
GUQ,SVGU
GDO,SVGD
GUI,SVGI
ICA,SVIC
KAV,SVKA
LFR,SVLF
CCS,SVMI
MAR,SVMC
PMV,SVMG
MUN,SVMT
MRD,SVMD
PTM,SVPT
PYH,SVPA
PBL,SVPC
SCI,SVPM
SNF,SVSP
SFD,SVSR
SOM,SVST
SNV,SVSE
STD,SVSO
TUV,SVTC
TMO,SVTM
URM,SVUM
VLN,SVVA
VLV,SVVL
VDP,SVVP
BMV,VVBM
CAH,VVCM
VCA,VVCT
VCS,VVCS
DLI,VVDL
DAD,VVDN
DIN,VVDB
HPH,VVCI
HAN,VVNB
SGN,VVTS
HUI,VVPB
CXR,VVCR
PQC,VVPQ
PXU,VVPK
UIH,VVPC
VKG,VVRG
SQH,VVNS
TBB,VVTH
VII,VVVH
IATA,ICAO
EAB,OYAB
ADE,OYAA
BUK,OYBQ
AAY,OYGD
AXK,OYAT
BHN,OYBN
HOD,OYHD
MYN,OYMB
RIY,OYRN
UKR,OYMK
IHN,OYQN
SYE,OYSH
SAH,OYSN
GXF,OYSY
SCT,OYSQ
TAI,OYTZ
IATA,ICAO
CIP,FLCP
KLB,FLKL
KMZ,FLKO
ZKB,FLKY
KAA,FLKS
ZKP,FLKE
KIW,FLSO
LVI,FLLI
LXU,FLLK
LUN,FLLS
MNS,FLMA
MFU,FLMF
MNR,FLMG
NLA,FLND
ZGM,FLNA
SXG,FLSN
SLI,FLSW
BBZ,FLZB
BUQ,FVBU
BFO,FVCZ
GWE,FVTL
HRE,FVHA
WKI,FVWT
HWN,FVWN
KAB,FVKB
MVZ,FVMV
UTA,FVMU
VFA,FVFA
